name,uid,code,parent,shortName,description,openingDate,closedDate,comment,featureType,coordinates,url,contactPerson,address,email,phoneNumber
Sierra Leone,pFuheeFz9xR,SL,,Sierra Leone,,1970-01-01,,,,,,,,,
Bo,gtelYQDsqai,SL_BO,pFuheeFz9xR,Bo,,1970-01-01,,,,,,,,,
Badjia,w0IW49ONmOa,SL_BO_BADJIA,gtelYQDsqai,Badjia,,1970-01-01,,,,,,,,,
Ngelehun CHC,GjH57esnNXB,SL_BO_BADJIA_NGELEHUNCHC,w0IW49ONmOa,Ngelehun CHC,,1970-01-01,,,,,,,,,
Njandama MCHP,hBhd4NcSSzc,SL_BO_BADJIA_NJANDAMAMCHP,w0IW49ONmOa,Njandama MCHP,,1970-01-01,,,,,,,,,
Kpetema CHP,i5qMublFiLi,SL_BO_BADJIA_KPETEMACHP,w0IW49ONmOa,Kpetema CHP,,1970-01-01,,,,,,,,,
Kakua,igncckNHedM,SL_BO_KAKUA,gtelYQDsqai,Kakua,,1970-01-01,,,,,,,,,
Bo Government Hospital,CfCOWcPtem8,SL_BO_KAKUA_BOHOSPITAL,igncckNHedM,Bo Government Hospital,,1970-01-01,,,,,,,,,
Kakua Static CHC,DKI6hbGXm9p,SL_BO_KAKUA_KAKUACHC,igncckNHedM,Kakua Static CHC,,1970-01-01,,,,,,,,,
Sembehun MCHP,EOE7r2TnTlw,SL_BO_KAKUA_SEMBEHUNMCHP,igncckNHedM,Sembehun MCHP,,1970-01-01,,,,,,,,,
Kenema,L5XTj9fZhvC,SL_KENEMA,pFuheeFz9xR,Kenema,,1970-01-01,,,,,,,,,
Nongowa,yuWNDeFY50a,SL_KENEMA_NONGOWA,L5XTj9fZhvC,Nongowa,,1970-01-01,,,,,,,,,
Kenema Government Hospital,hTTOBVW8FBu,SL_KENEMA_NONGOWA_KENEMAHOSPITAL,yuWNDeFY50a,Kenema Government Hospital,,1970-01-01,,,,,,,,,
Lowoma CHC,yy3SJ26TL4o,SL_KENEMA_NONGOWA_LOWOMACHC,yuWNDeFY50a,Lowoma CHC,,1970-01-01,,,,,,,,,
Konjo MCHP,AIlW3gDUxCi,SL_KENEMA_NONGOWA_KONJOMCHP,yuWNDeFY50a,Konjo MCHP,,1970-01-01,,,,,,,,,
Dama,exMOK24csyc,SL_KENEMA_DAMA,L5XTj9fZhvC,Dama,,1970-01-01,,,,,,,,,
Tissor CHC,z1GJXzPTCTD,SL_KENEMA_DAMA_TISSORCHC,exMOK24csyc,Tissor CHC,,1970-01-01,,,,,,,,,
Giema MCHP,Ixsz2nEnWRC,SL_KENEMA_DAMA_GIEMAMCHP,exMOK24csyc,Giema MCHP,,1970-01-01,,,,,,,,,
Nyandehun CHP,aAqiIqtaEM7,SL_KENEMA_DAMA_NYANDEHUNCHP,exMOK24csyc,Nyandehun CHP,,1970-01-01,,,,,,,,,
